{
  "holdout_rmse": 547722.1626859016,
  "holdout_mae": 72234.77023492246,
  "holdout_r2": 0.7450238969926087,
  "cv_rmse_mean": 436107.9119037874,
  "cv_rmse_std": 118936.8577005298
}